event_id,center_date,is_flood_event,window_n_days,flow_raw_max,flow_raw_mean,flow_pct_max,flow_pct_mean,duration_above_90,max_exceedance_90,area_above_90,days_to_peak_flow,rain_3day_max,rain_3day_mean,rain_5day_max,rain_5day_mean,rain_7day_max,rain_7day_mean,rain_14day_max,rain_14day_mean,rain_1day_max,rain_1day_sum,rain_before_peak,api_k_0_90_max,api_k_0_90_mean,api_k_0_95_max,api_k_0_95_mean,storm_wind_max,storm_wind_mean,event_duration_proxy,flood_label_in_window
F001,1975-09-09,1,5,677.963,438.442,0.998335749181296,0.9792881301336769,5,0.09833574918129595,0.3964406506683845,2,151.18771991278444,104.4466315392215,225.09354004434917,136.08171608204816,237.27183162517932,160.5085428723403,314.3256807387228,223.3411361098234,58.48747768608632,225.09354004434917,166.60606235826285,241.71805484271425,171.1426479610215,327.89834442517054,247.9625825131805,,,5,1
F002,1976-07-20,1,5,131.804,115.3104,0.9092714876254899,0.8889568905352444,1,0.009271487625489905,0.009271487625489905,1,33.4922844505635,25.7616350159632,45.93722028926231,38.60210853854213,58.748096370362205,54.43462027347184,184.02979319948017,160.32666737112487,15.022017320361224,41.903317336769746,24.124804547587836,110.53495691816676,106.90743161954879,211.99931419193024,208.11872202646433,,,1,1
F003,1977-11-20,1,5,126.494,57.582179999999994,0.9035808235357277,0.6680839641380791,1,0.0035808235357276397,0.0035808235357276397,2,30.31415392923464,12.154951147252152,37.50411789472717,17.024944360071146,40.679784697067866,22.905270123227513,111.22489069245005,88.03171831840822,26.818504612700306,37.50411789472717,10.685613282026871,73.16489883537373,60.41114178309671,151.2429221704625,141.0613675781165,,,1,1
N001,1978-04-09,0,5,19.0781,16.18398,0.3332259623127718,0.2738605250442906,0,0.0,0.0,2,11.704464222031495,6.406807477948665,16.392276187432195,9.1672469964652,18.915996812988883,10.49638249154446,71.05987068350642,37.81988956315958,9.687410137061049,16.392276187432195,6.704866050371147,32.046279250059754,28.309935647204053,67.20650384242641,64.42559943282563,,,0,0
N002,1979-05-16,0,5,61.1097,58.33696,0.7488054973962528,0.7341064046813764,0,0.0,0.0,-2,36.46685984764621,29.34833683376225,55.83494347126461,45.9433199660195,63.38943849990098,53.57218033114056,89.23210432923096,79.11170531194117,14.757720549456474,41.68029920171124,,66.3506321180069,62.75516551590833,114.56345031474554,110.17404246978765,,,0,0
N003,1979-07-14,0,5,41.459,37.635020000000004,0.6217855800719386,0.5830568529553873,0,0.0,0.0,0,24.39426855432661,18.80813747677842,34.642218746751645,32.071790782041425,51.71919921796304,46.11751977882782,85.01132712614387,77.22831078768245,13.150343470142536,31.145027094399687,17.25013806437172,59.647644309199706,56.33952444082276,115.41043419348516,112.19433127537786,,,0,0
F004,1979-09-07,1,5,296.572,188.09972,0.9788479089493746,0.8909862028238578,3,0.07884790894937455,0.22183389703119116,1,90.07757063177216,46.92989020283485,95.56932120331528,52.478011941180895,101.6120984048846,66.3717051422864,206.53427906796347,182.35246620359874,46.37372388359125,95.56932120331528,51.86547445513438,137.00040584179118,110.40260210261025,221.03009839450868,191.16372763335568,,,3,1
N004,1979-09-17,0,5,569.57,347.23130000000003,0.9964567563214688,0.9482901164975572,4,0.09645675632146877,0.32994040908358824,2,143.65580349505478,79.98848407895431,180.00447330852748,92.61533100343256,184.70688419583664,105.38086565847729,298.2438345700509,209.60388704094302,52.727215803194525,180.00447330852748,133.32987894022926,214.54185935091937,151.64409758244338,316.01981249834796,247.45962153181853,,,4,0
N005,1979-10-22,0,5,51.7977,24.845218,0.6977505771192355,0.2960970634025876,0,0.0,0.0,2,26.110801926280025,10.729724917881319,26.440329308263976,10.955925062583969,26.71770246458792,11.966401875656445,36.28414534970947,20.164019817482984,25.69919351076675,26.440329308263976,26.257390910669027,35.78402397288755,20.991506989643664,88.71371412382683,76.43395543607643,,,0,0
F005,1981-06-16,1,5,617.02,265.31327999999996,0.997369409996242,0.9275997208353466,4,0.097369409996242,0.2211198797444569,2,132.0760005750777,66.18940716792444,161.78870556529563,90.0116144619866,182.47512022036537,111.88193167963227,239.09381555832204,160.60576378541913,69.0533022156758,161.78870556529563,92.73540334961982,195.77422099441876,125.98717932770197,276.29788591174565,202.3851787714771,2.81,2.022,4,1
N006,1981-07-12,0,5,211.639,150.3576,0.9597090245342782,0.9218607397863317,5,0.05970902453427818,0.10930369893165814,2,49.76363716197663,36.84803624123548,67.98732063144733,61.983334120123594,102.59030043198332,83.11627746509654,146.14107816242418,140.07833331647953,27.165217106132605,67.98732063144733,40.82210352531472,132.97428016335823,121.41058282987441,257.19804568935996,246.32080123148506,1.51,1.474,5,0
N007,1984-04-02,0,5,7.43965,7.3642780000000005,0.04198206903956622,0.039168948300853594,0,0.0,0.0,0,4.524406194095011,3.373163262936619,7.4749233590980975,4.668675431388896,8.770084280554464,5.518253100565775,20.413462786466745,17.540742643370095,4.048278810317337,7.4749233590980975,2.9505171650030864,14.755672315095286,13.502763503133954,37.51749090389609,36.391227226908185,3.29,2.808,0,0
N008,1985-03-11,0,5,35.9793,30.44284,0.5690127234659366,0.5018521501046868,0,0.0,0.0,-2,9.515348971531637,7.603706465804043,29.712565837647514,19.076477518810442,35.5773737292156,29.597218954634464,84.42819527910764,63.554069725601565,4.891825355879101,12.687572204027324,,44.48431546978491,40.88520396032075,81.59815047241811,78.22089909761404,2.02,1.862,0,0
N009,1986-06-29,0,5,155.454,109.40529999999998,0.9308530627583615,0.8685886079347185,2,0.030853062758361527,0.03647393568475865,-2,54.1525189963551,27.892128505108257,71.14861334704915,56.26850672967015,83.84119245143589,78.89091925917909,118.51297377711344,116.18224960003215,14.614889729319,32.59635562802866,,104.0602059761026,93.1396265301625,186.49331650627676,177.09951032549787,2.25,1.768,2,0
F006,1988-09-03,1,5,613.009,388.5602,0.9972620389756804,0.9684758683631287,4,0.09726203897568042,0.3428786170612551,2,170.65594078757596,107.13350619128532,214.14945624312685,133.34002489914147,240.33043036781712,145.77406347475124,261.6851054919015,185.8294443289265,86.52940394856383,214.14945624312685,151.59672720399342,233.9855752225725,163.70990157219182,332.18163485798914,254.46301132131111,4.72,2.724,4,1
N010,1988-12-31,0,5,12.5011,10.709002,0.18800665700327482,0.13886830944328127,0,0.0,0.0,-2,5.906634914469459,2.985085356251745,7.998336751825763,5.91614236200963,8.482191567389009,8.042319366583985,32.946554108026895,19.914545865629588,2.060653287436809,2.7523450375533063,,21.650196121017245,18.295738757360805,55.49375071309436,50.78354023520659,1.66,1.3439999999999999,0,0
F007,1990-08-07,1,5,554.432,260.03508,0.9959735867289419,0.8468030278627798,3,0.09597358672894185,0.2623127717828958,1,137.12544874567232,75.89112632636383,149.10793452377152,86.33473318938893,157.6311435845195,96.42279031132648,190.50708332839665,128.0659055108526,64.30876795822405,149.10793452377152,77.36798423817632,167.2388269245963,110.61915546589698,241.1706954924451,184.6473612326633,6.54,3.1879999999999997,3,1
N011,1993-09-18,0,5,640.697,201.89066,0.9979062650990498,0.8762119503945887,1,0.09790626509904976,0.09790626509904976,2,115.29632341066429,38.1790091430439,129.12788990714142,49.65044937437615,138.6129607741257,90.29838893488879,266.15256881190066,181.91423313646567,104.65095563497069,129.12788990714142,24.476934272170748,189.76846507127297,119.45780671518301,274.22309114100744,202.27188493920136,5.0,2.852,1,0
F008,1993-10-03,1,5,275.201,228.868,0.9754120362914049,0.9635260643152413,5,0.07541203629140492,0.3176303215762064,-2,63.802909592235864,41.59948437884637,105.73523534294152,82.03589022191105,132.89587980978064,117.4130782076085,329.35552532742713,283.7004043330542,23.168265328711236,50.83362461538665,,184.97224792303808,170.2023725595413,315.5646400258969,305.0622317960458,2.32,1.9180000000000004,5,1
N012,1995-04-29,0,5,14.8501,13.669479999999998,0.24550383851398508,0.21700220110592153,0,0.0,0.0,0,11.817620011064244,8.869912535709007,19.48268486348299,16.520967728708346,25.602775907553543,22.101286595345357,41.489076561849345,39.82982463211768,4.964224167453515,12.600799119811875,9.459128830976397,30.85194699545097,28.46323926146212,62.065175015819634,59.628125422887265,2.92,2.338,0,0
N013,1996-10-29,0,5,24.7643,20.68242,0.4265850646910399,0.359070166961937,0,0.0,0.0,-2,7.1957573987157275,5.415752346501126,10.081556334188246,8.939548905394421,31.498330321252883,19.197367127669644,39.157872976824684,36.47484155585998,4.496934805848206,9.417862848851787,,37.12127136293228,34.02762310187014,105.97900015497729,100.51215670784325,2.09,1.536,0,0
N014,1997-02-13,0,5,22.1517,20.07876,0.3858914478982123,0.3499221560100929,0,0.0,0.0,-2,10.549899019605633,8.451964288768497,22.564518706168037,17.41571500361192,35.35807745721266,26.405094977525287,49.47608037407023,45.87976156406315,6.272291060921061,16.845399826254564,,34.33422925321182,31.68375360320066,61.10531379264865,58.94848441508621,3.26,2.622,0,0
N015,1997-05-18,0,5,79.4876,62.26278,0.8165566113705911,0.7454662586567886,0,0.0,0.0,-1,26.350286371003847,18.921973839221735,36.83348226665571,31.511137498931618,51.89059688951483,44.07044645656748,128.52039511033823,108.46489399477778,14.383635330674482,31.44410177714969,8.383571820089527,74.92660259682103,67.7732598570953,139.61559566757802,132.82191879813678,2.17,1.5699999999999998,0,0
N016,1997-09-18,0,5,45.1323,39.59922,0.6527084339936651,0.6032211306168465,0,0.0,0.0,-2,21.742468236317965,14.634584092166609,33.928811470493606,27.866293733267774,44.46966663344684,42.2884312829158,102.63485973378624,88.00777781838345,6.644322023725446,19.31701547007983,,62.75587166768903,59.269399904788294,114.14794647339832,111.5862908848131,1.7,1.5820000000000003,0,0
N017,1997-09-24,0,5,112.181,66.66962,0.8856498631019488,0.7085306275836152,0,0.0,0.0,1,42.01065494666576,26.46973644528621,52.94575375792779,34.809503079706964,58.64656861771421,43.44576712218951,103.11623525116104,86.83156538450518,22.448607732003584,45.70310585801639,22.874511306330987,79.69696610931035,64.1870079672527,133.47780736251238,117.95316721781091,3.33,1.85,0,0
F009,1998-10-11,1,5,501.637,323.3366,0.994255650399957,0.9788264347452621,5,0.09425565039995698,0.39413217372631115,-2,154.46531110664665,73.48515437621685,166.19380500037238,139.28581619477703,201.94505568341285,183.26389984096437,247.3196947676357,239.79585819527705,20.77003178128301,68.2497763580492,,208.59874365818956,188.73852497696504,330.68062898737213,317.84697827221464,3.2,1.89,5,1
F010,1998-10-19,1,5,314.128,212.17439999999996,0.9811563858914479,0.9528426477693671,5,0.08115638589144791,0.2642132388468351,1,62.673942028090394,37.65808462250911,75.97126378209082,56.55171637406411,96.73606368936264,81.49024124225423,298.68111937277547,263.6568852330886,38.24208962738507,75.97126378209082,32.20989358390862,165.66939930990378,149.32847996100776,307.0088833299866,290.90553169797204,2.92,2.068,5,1
F011,1999-07-12,1,5,187.951,125.9759,0.9504482740108444,0.8801524668491973,3,0.050448274010844396,0.09486766521715784,1,54.15395230867692,31.124535602826768,59.172731478839296,39.1065584390091,88.36483707797822,64.75920398736307,202.97596431535007,180.8366545337747,29.70106827329758,58.43127244209308,35.71180360834469,121.92982593703948,106.19704650999624,191.69489370453869,174.3806711579723,2.82,2.0200000000000005,3,1
F012,1999-09-29,1,5,683.841,356.78819999999996,0.9984968057121383,0.7830783271594995,3,0.09849680571213826,0.28631019487840226,2,198.01877662630704,90.04301138183453,208.24145298053827,95.37739761976817,210.63152534206688,99.68441312178587,226.56134919498177,134.2941168251494,77.37734170446022,208.24145298053827,150.31255749198266,213.0073304655408,120.42137033276359,293.84983772542773,196.78693215649184,4.68,2.886,3,1
F013,1999-10-05,1,5,881.498,555.1283999999999,0.9993557738766307,0.9875127503086917,5,0.09935577387663064,0.4375637515434583,1,203.5548592873565,109.26299643275368,224.41783583928915,181.47179514058107,297.7550066769727,266.2082975045465,446.1539745354991,326.11968830416527,90.25889267432824,224.41783583928915,77.64492014175394,317.3625260468758,239.23256623865683,434.3930900331531,342.77259938833504,4.49,3.592,5,1
N018,2000-04-29,0,5,13.8796,11.28788,0.22193589950072476,0.15227358136039082,0,0.0,0.0,1,17.694786543724994,12.553795514854862,21.730634869750283,16.62136872804755,23.34355616079902,17.526741624254246,26.42999330590098,21.87536039072237,6.907864796862857,21.173888315933507,17.694786543724994,29.995838902114876,26.802937464303312,57.51618493139774,54.47908566590172,2.5,2.1719999999999997,0,0
N019,2000-12-18,0,5,55.8225,40.14872,0.7208353465399688,0.5770118644977721,0,0.0,0.0,-1,23.163003401981467,14.838361231052613,26.39458207366058,21.498701911218987,29.240861091852576,23.812143527164626,56.31808851538054,44.781444122879975,19.521183029118063,22.956054170134486,0.2032924693373083,43.672930896818805,36.637450941142234,81.24526328300564,74.54144159827344,4.12,2.396,0,0
F014,2001-05-22,1,5,144.913,77.46369999999999,0.9216191549900682,0.6510871315831858,1,0.021619154990068168,0.021619154990068168,0,51.29377792032142,29.905790978547316,53.633912072526115,30.931056304453648,54.305500618316074,32.17135074475646,76.02617193866027,67.53504658112413,40.49322474468007,53.633912072526115,2.340134152204696,72.05520973923947,55.196364344227575,119.95735125964292,103.07639783814905,2.88,2.226,1,1
N020,2001-08-23,0,5,97.2411,50.98886,0.8602566167391421,0.5836044451602513,0,0.0,0.0,2,50.47721010944197,22.47237062512368,54.416230137069135,25.082397768681155,56.04332799383159,29.425505659321185,80.28373609560975,64.09978712300045,26.968790890169288,54.416230137069135,41.25662844965555,72.4165009000192,51.22885112857491,129.27661100935242,108.77114219346659,2.12,1.7399999999999998,0,0
N021,2002-08-13,0,5,13.306,12.03116,0.20846083642025018,0.17486444408654106,0,0.0,0.0,-2,12.286013655698362,6.8936702920535184,15.454939678156329,7.752585683632608,15.489221374126256,8.7748020149529,34.39543615143794,32.80693110720079,4.4604914111625265,15.454939678156327,,29.962290759200037,27.666977648488817,85.87117558748918,84.39962399789677,1.74,1.566,0,0
N022,2003-01-30,0,5,31.2924,23.732080000000003,0.5150051001234767,0.404702850700596,0,0.0,0.0,-2,16.88924127107674,9.062051891918713,23.15550383236275,17.238252557366106,32.59263455802093,27.207404870753386,43.85776169242189,41.161917869371834,2.6073071915154777,7.559283816392322,,35.66290648854827,31.734975366947886,63.663191739768706,60.21657414356391,1.88,1.518,0,0
F015,2003-04-08,1,5,79.099,38.024080000000005,0.8149460460621678,0.4102968808718527,0,0.0,0.0,1,46.88663957166633,24.307017814270402,50.35687365710211,26.192392561689086,50.73862782422364,26.74153897507198,57.64690440915713,36.83673926947506,27.700222528668096,48.44157953267803,20.734685302822108,55.86872727330332,33.59839571663482,77.20408353078116,55.14143443047298,4.48,2.588,0,1
F016,2003-09-28,1,5,908.666,409.13072,0.9994631448971922,0.9054383421914425,3,0.09946314489719221,0.2854512267139099,1,190.70088111044015,97.21114520935741,209.99504669588617,109.27668639489279,216.4727235906607,121.9519629084277,286.11001980272124,199.99659146686298,109.56325705584038,209.99504669588615,77.91586068544729,227.5202270198464,147.7325969880697,304.4754611099256,216.26463638457125,3.63,2.41,3,1
F017,2004-02-24,1,5,7.91426,7.110774000000001,0.05701401191818328,0.02893649004133784,0,0.0,0.0,-2,5.698036683972312,1.5090925809528961,5.840359685695501,1.5910514903280109,5.86585626338303,2.780742827372083,24.796663311959975,24.122633427350586,4.376243424579489,5.840359685695501,,15.842631771182353,14.195269912532208,37.570087059018434,35.48134272972903,2.84,2.2939999999999996,0,1
F018,2004-04-24,1,5,33.4823,16.49268,0.5402909754657218,0.25227894991141897,0,0.0,0.0,2,23.261301695506596,8.465864064666238,25.799045004799854,11.486901229283736,28.009737457153133,14.470691680054339,39.960925630173705,32.05658894782538,16.58503656141879,25.799045004799854,9.214008443381065,40.327170996224766,27.930770232160796,76.76878351084565,65.65010185270685,2.65,2.19,0,1
F019,2004-04-29,1,5,574.211,262.47860000000003,0.9965641273420304,0.9396789606485209,4,0.09656412734203035,0.23518548343801993,-2,115.0394205037283,67.0981908195621,119.81179765594788,114.49638546110006,122.4834885283468,121.79769339336312,133.3477911143495,131.16279256526997,92.85246370859105,100.2456318861896,,129.14691760519332,109.56656842172849,165.78280804389442,154.0351243678999,4.02,2.5439999999999996,4,1
F020,2006-10-22,1,5,343.235,185.67904000000001,0.9849143716111022,0.8999087346325225,3,0.08491437161110216,0.2090567455843667,1,80.20548001799207,47.334509880091865,91.37640812280983,55.51653204911254,98.34350072997448,75.80699401778892,172.6356647938581,137.00640973944314,38.94030385864559,91.33631665584393,50.49864287750373,138.80697074782103,108.97756406977476,222.87378299921505,192.72073038460763,4.05,2.392,3,1
N023,2007-02-01,0,5,31.0974,17.57048,0.512535566650561,0.2847801578354002,0,0.0,0.0,2,16.61815729206812,5.684737844711114,18.415799810178385,9.136947115075143,21.419859751497384,15.225107751795168,44.09837874567586,35.69041946449265,15.06929592827474,18.415799810178385,3.3465038819036454,34.067726670820164,25.519945262203578,64.84202796994894,57.22029131146477,2.8,2.0140000000000002,0,0
N024,2007-09-03,0,5,500.424,355.25079999999997,0.9942019648896763,0.9808772212379878,5,0.09420196488967625,0.4043861061899393,-1,120.9295774571096,74.6405298027748,170.4890731485956,141.451534391111,238.3978997515079,201.86693229773908,406.7634263091365,373.917964273,43.570244319311,81.92272106308438,22.86222386229862,248.48034938868872,223.23276051885264,355.8851425638851,336.88508423510757,3.04,2.186,5,0
F021,2007-09-27,1,5,639.794,225.38796000000002,0.9978525795887689,0.7278251999785257,2,0.09785257958876892,0.1856122832447521,1,126.7172686427254,55.10358876410328,130.38612821588103,56.576633310047725,130.8553730482238,60.292324037573145,146.95325731554308,82.25662790263068,101.57637378199698,130.38612821588103,21.458214731332557,156.0157084749354,92.12021098059185,260.2788330621756,200.16784351111605,2.63,1.9959999999999998,2,1
N025,2008-03-10,0,5,7.78236,7.45923,0.05298759864712514,0.042196811080689324,0,0.0,0.0,2,9.544134610403257,4.51030458438418,10.739401508227896,6.621049374680291,13.687772553853115,8.681784169769859,23.076045207142087,18.927924495877186,6.292490017696406,10.739401508227896,4.446911490531489,19.450180467255844,15.267924841827332,40.61324887401887,37.21812834342555,2.63,2.428,0,0
F022,2008-07-01,1,5,429.842,248.62258000000003,0.9911955763139528,0.9348150534170827,4,0.09119557631395281,0.27609384227197065,0,106.19516020150198,74.26386793438016,130.27476130843826,93.62652742352978,142.97224794556544,107.33716759988322,183.65509316678137,140.22572243884488,60.358501520968915,130.27476130843826,40.40088874195828,162.50967525257036,137.55780347893455,269.1567659078524,242.9623219440836,2.46,2.072,4,1
F023,2008-07-06,1,5,473.946,378.7658,0.9931819401943416,0.9866537821441993,5,0.09318194019434156,0.43326891072099616,2,104.15907739374056,83.61823528269905,161.46194007635222,143.2016248511239,212.58266771764707,194.7741174054932,319.79272706865623,265.1411554156771,40.735582300865424,161.46194007635222,120.7263577754868,227.5531417368805,198.72572305509388,354.35690516677136,317.67018540709057,4.12,3.228,5,1
F024,2008-09-16,1,5,418.69,280.64340000000004,0.9907124067214259,0.9646964084393621,5,0.09071240672142589,0.323482042196811,1,96.70261168576236,62.996863805986024,125.43045388268976,77.61421855504159,132.79067673097396,106.6208153643692,309.1821779719569,257.68886486399845,39.03982839945822,125.43045388268976,69.61616538825817,187.7577751009595,163.30854535664,301.9159910426793,273.8042990664263,3.97,2.5780000000000003,5,1
F025,2009-09-23,1,5,478.393,185.88412,0.9935040532560262,0.8534707682396521,2,0.09350405325602618,0.163923337091319,2,109.62577263077252,40.90628983730746,113.4590019753578,47.87605948404605,121.74332752681076,57.50972541119156,180.05576918851597,142.20949313700854,53.03101912319752,113.45900197535781,60.4279828521603,159.58196317452652,104.74511045923104,246.84657213635657,190.95029742361612,3.99,2.342,2,1
N026,2010-06-04,0,5,16.0808,13.75054,0.27304450528802277,0.2178450636173297,0,0.0,0.0,-2,11.043503775074452,6.438163368049042,14.84372598163061,12.316961103661242,22.71315745104229,19.009267648555788,47.103734813273775,45.50113374369705,2.478304079850612,7.774364858360084,,31.924081859078623,28.94009009639557,61.09223278784275,58.208794582506,2.69,2.1239999999999997,0,0
F026,2010-09-16,1,5,512.677,196.24384,0.9946851344822033,0.8664948730337683,2,0.09468513448220328,0.1653728458689,2,113.20835203057854,40.23877889347987,121.98114857204362,47.72067424999055,128.71933827789422,55.60483122303073,226.5993587323952,184.01536675105405,63.34687798857864,121.98114857204362,58.63427058346498,173.42771113548235,112.85961103840404,289.69814394140695,230.73331684209683,4.08,2.424,2,1
F027,2010-09-28,1,5,165.107,143.8844,0.9368121543995276,0.9187523487410747,4,0.036812154399527564,0.10650131529500184,0,36.10999585306624,29.627627177603376,61.281738702837146,49.79997765981919,76.01475920412996,69.26356767045563,226.46626808252776,218.29156269578215,16.632112380958834,36.09376965012534,18.829007094376628,134.71242362886537,125.44386299932621,262.8982258458993,253.94409316279325,2.95,2.188,4,1
F028,2011-07-01,1,5,475.999,373.90639999999996,0.993289311214903,0.97894454286788,5,0.09328931121490303,0.39472271433939976,1,136.5465736370129,107.72389135567232,197.9429888051467,149.45500751577424,223.43515049943497,173.54698837471702,286.45317569161443,214.7876576949928,50.73336305460569,197.9429888051467,129.2125582990193,203.8384051419472,161.84960892152498,258.41142980850253,203.83321769134673,5.31,3.8379999999999996,5,1
N027,2011-07-08,0,5,155.391,116.97684000000001,0.9307993772480807,0.8859719761636334,2,0.030799377248080684,0.03835292854458572,-2,15.459700635504896,10.093165155827098,78.66745746919533,33.90101941441833,175.18878792622425,91.77922884660794,283.1702636859446,265.32621722132495,9.282386794653744,21.098407188373564,,157.60906516606823,135.03732258669578,231.0204646015319,215.21657358130182,1.97,1.5539999999999998,2,0
F029,2011-07-13,1,5,115.968,104.25652,0.8904815590272186,0.8715735223063295,0,0.0,0.0,1,37.81537615238675,30.19367562474658,54.737476421289585,42.29594970617433,64.92726154860556,49.36582554264429,249.44297591342217,210.85812590979305,14.15144947279811,52.917381012269004,31.303640153837737,118.09277401556092,115.65175171073906,209.2631090098418,205.49547876318402,1.76,1.5819999999999999,0,1
N028,2012-06-13,0,5,25.1417,21.59472,0.43238309980136364,0.37572341225103345,0,0.0,0.0,-2,12.07044531742195,8.053946723821706,18.855387974779088,13.534798020264489,37.7111829503692,26.736275685818715,75.72907490495089,67.61838718282061,7.242179799517784,18.855387974779088,,40.94954829149211,39.48828050027646,79.82888158197119,78.3763684273535,2.38,2.1819999999999995,0,0
F030,2012-08-20,1,5,184.239,151.53220000000002,0.9487303376818597,0.9260643152413163,5,0.04873033768185964,0.1303215762065817,-2,35.528897792534124,30.44374994884284,69.06471338718258,52.14267327094386,94.3069091464957,78.908107376508,306.374018689865,291.9955609642154,16.13990592131539,47.7026382273543,,160.71903556420648,146.70220005571292,265.1024098293129,255.61871080261852,1.8,1.492,5,1
F031,2013-06-18,1,5,455.644,115.08738000000001,0.9926450850915338,0.5961024319536158,1,0.0926450850915338,0.0926450850915338,2,91.5448671081388,25.250149157761843,96.18248488906636,33.43826384359081,103.31877019077666,49.369791250622754,146.97182178229406,79.92346232043114,81.62272433071229,96.18248488906636,14.559760558354075,126.49946159798398,64.95637938837696,182.53794527552805,121.79447091870695,3.19,2.408,1,1
F032,2013-09-13,1,5,439.452,299.566,0.9917324314167606,0.9729102915123207,5,0.09173243141676057,0.364551457561604,1,106.4356647576013,76.19888721968985,139.5459371607163,106.6784604616051,162.36361972091854,132.4386620297593,244.7855169699241,194.5012656772816,48.036485586426,139.54593716071633,79.11489478926515,189.65886609285465,158.57520920408456,290.3347781702989,257.2001859165879,2.86,2.442,5,1
N029,2013-10-18,0,5,741.742,189.73876,0.9989262897943845,0.7562677833252804,1,0.09892628979438445,0.09892628979438445,2,136.03335628722564,34.07503029705534,141.03769497613166,37.534793815647205,142.6594826508871,41.19021644889979,236.5323010062707,144.54869286617605,120.37139666668035,141.03769497613166,20.6662983094513,183.92861042256715,91.22317834525269,297.19169728632085,209.52921163761684,2.01,1.6460000000000001,1,0
F033,2014-05-10,1,5,45.2705,36.61712,0.6537821441992806,0.5696032640790251,0,0.0,0.0,-1,25.807004714352736,17.44171035020328,30.971287467846892,26.170547692974502,32.63016492709627,30.703752993620537,67.13913508307361,63.6344671490451,16.748172497543074,30.971287467846892,16.748172497543074,49.21039271160593,45.8184544337859,87.89188096571091,84.91201860867109,3.09,2.444,0,1
N030,2014-06-08,0,5,339.433,231.7802,0.9845385730391367,0.9541096258119932,5,0.0845385730391367,0.2705481290599666,-1,99.38839460999078,67.07510598410018,126.01664893922512,111.54530327579354,139.61873364185118,129.18483470636858,177.58242636240342,167.04161866477065,46.66369438812797,97.27876349219405,46.66369438812797,144.30341568261142,131.09688484983877,210.9871926530601,201.44648905273414,2.85,2.278,5,0
N031,2014-11-12,0,5,48.2653,42.428779999999996,0.6754710903527138,0.6289257529392817,0,0.0,0.0,-2,16.707990888644453,9.976796026482829,18.803567065242667,16.381572504857502,29.557501313888707,22.965193759198108,78.37677484123388,72.61233355812647,7.8085971072214,18.145599612856227,,57.68613984652413,55.73754964798938,154.02237999228475,148.27381013903226,3.84,2.4059999999999997,0,0
N032,2015-01-26,0,5,18.3854,15.775,0.31873087453696247,0.2624201428034573,0,0.0,0.0,-2,8.389871499889242,4.053527720936887,8.841741300979189,7.495693192136507,9.208022004774715,9.046499449423148,20.452681420528993,18.2766262385846,2.038926001092686,2.809328722469287,,28.354082103965368,23.706825225082987,69.75987854770119,63.642544705446824,2.61,1.5939999999999999,0,0
N033,2016-12-06,0,5,55.8537,23.41982,0.7209964030708111,0.3465614430665164,0,0.0,0.0,2,22.700302326896416,10.458739450535122,29.45131339573367,13.608004927089704,30.387373342849784,15.665217006813517,37.93321470707882,22.94805792921055,15.67733792584427,29.451313395733674,13.773975469889404,42.05172899157856,29.781760743390397,94.58038520632816,85.08987472023016,2.15,1.552,0,0
N034,2017-03-13,0,5,54.8363,43.915380000000006,0.7161647071455414,0.6257046223224352,0,0.0,0.0,0,36.05052543007016,27.4804651634902,51.10438443069664,41.09292468594002,63.200867322532325,50.595963095538806,94.01994037413522,77.62956856990121,16.385710470576846,43.68591816198879,16.299404450423992,60.449921623204446,53.40714906877289,90.86858442220802,82.64917331421053,2.53,2.256,0,0
F034,2017-09-08,1,5,661.325,351.32000000000005,0.9982283781607344,0.9508240725828099,4,0.09822837816073438,0.32628979438449546,1,143.73492618912897,89.17428041573602,186.2689133307508,116.76888391376642,209.23821163005772,138.2325205967057,279.1531940493514,194.40370221525737,83.783033990969,186.26891333075082,71.57862707204583,209.8653307086958,148.2523512645659,298.57724889115383,230.05274214767587,4.9,3.678,4,1
N035,2017-10-14,0,5,398.149,249.3508,0.9891555269232835,0.9620228700273797,5,0.08915552692328343,0.31011435013689803,-2,92.91778381077783,53.44007212363947,107.57318374748164,93.50178937992266,126.33567330564505,112.26762121541651,283.5629742096769,239.0741545122857,35.191428869092924,68.6093183639601,,178.84277705866458,160.0389007476799,309.1791608316062,294.0451873743467,3.15,2.27,5,0
N036,2018-09-12,0,5,179.54,107.42114000000001,0.9460997476781017,0.7904654533741343,2,0.046099747678101655,0.07308745369624736,1,69.37354427204686,43.28457836877289,86.14746065596405,55.82764474937625,90.23248423992234,64.5774631881985,117.74915967393407,92.32322343117916,25.26380277862672,86.14746065596405,49.50142340944577,98.0510165038052,76.18730801255164,161.42172985942173,137.75587142985285,2.44,1.9440000000000002,2,0
N037,2018-10-03,0,5,97.2786,76.18006,0.8603103022494228,0.8009770762871101,0,0.0,0.0,-2,33.64581083688113,20.731684593427104,61.580282427074934,43.574694357905486,74.65512973797651,67.27769020930563,104.53053097767024,100.2083207430346,9.729716950803777,24.130911023662218,,84.20549940002903,78.38707102295533,155.29892994957655,150.44072572989802,1.68,1.5020000000000002,0,0
N038,2020-03-25,0,5,26.5715,19.00386,0.4532667633005852,0.32156010092875936,0,0.0,0.0,-2,22.716999698565836,5.638511700222167,22.965724538114177,14.802317841758105,24.572747162179063,23.411966559850814,36.220315003399655,31.89591180017012,0.4540940404480635,0.6543006627991453,,28.73954185776179,23.63890107313212,54.30270314884582,49.24349475129448,2.13,1.736,0,0
F035,2020-05-20,1,5,23.9947,20.296419999999998,0.4144521393675847,0.35029795458205826,0,0.0,0.0,-2,14.508337737845576,7.744972219941545,19.219094565813936,14.807160774462298,22.991166500705972,20.04568436841287,80.3920495428147,71.18656518916393,4.0922578300400065,8.054620293980719,,48.04221393099246,40.60343263590448,88.42800940976426,81.30338558283036,2.39,2.006,0,1
F036,2020-09-04,1,5,183.845,89.0051,0.9483008535996135,0.7899500724754389,1,0.04830085359961345,0.04830085359961345,2,61.6596967867384,21.32958744713084,62.674540351942966,23.870150075501364,64.36462918626759,33.12343134355961,184.3461464699462,146.235296587082,30.961947371053988,62.674540351942966,31.712592980888978,108.27124876976964,82.13789864929075,180.8900966049727,154.23372206355484,2.77,1.7420000000000002,1,1
F037,2021-08-19,1,5,1142.38,244.51434000000003,0.9998926289794384,0.47985182799162507,1,0.0998926289794384,0.0998926289794384,2,179.00415236814314,41.173167919498084,183.34013292186935,44.86375366569398,186.5687596400427,49.181330704367944,216.86884806064472,82.33448662624647,172.3989765812522,183.34013292186938,10.941156340617173,204.7849422454019,70.11918387242926,260.82824659836535,128.38119886522887,4.81,2.346,1,1
N039,2022-03-22,0,5,18.3672,15.454400000000001,0.3180866484135932,0.25511354485424387,0,0.0,0.0,-1,17.193807670837472,9.073242273388221,18.17906198133764,16.326150757887643,22.80205359598824,19.786572463720155,39.97899127011483,34.920287733875696,5.317568910017231,10.925814835167998,5.317568910017231,29.442727930944734,25.589770994277714,54.93552430727376,51.21848807708337,3.41,2.918,0,0
F038,2024-07-10,1,5,362.252,232.26539999999994,0.9866323079400869,0.9375744886455145,3,0.08663230794008692,0.2437375852257474,1,101.4393019016394,52.16299060242123,112.16920261903758,56.632223294901166,113.67051684779372,67.09491182131137,284.715841852424,254.79778665593122,45.28811984967013,112.16920261903758,56.01802056706831,183.1944315372288,156.86096538389998,293.14607469279093,261.28918558971463,2.67,1.736,3,1
N040,2024-08-28,0,5,35.3936,31.63798,0.5628388897836474,0.51815107102593,0,0.0,0.0,-2,12.572487326001587,11.046361689216436,23.46376892283141,20.16132463845214,34.62374060176243,30.521867611114338,71.49489196983271,67.52146879713004,4.716274877807506,19.127456210093293,,54.30262047485901,51.724229435495204,138.2054122448767,132.7009988716913,1.42,1.34,0,0
F039,2025-10-10,1,5,1245.6,733.6206,1.0,0.9961346432597843,5,0.09999999999999998,0.4806732162989209,-1,278.9410625195339,182.19285001504312,313.4237587268174,255.79564256794902,320.165338257721,267.1767544864956,359.5252122887453,314.13685398478174,144.11432603392836,299.26091716811214,90.53105505647842,298.5314614174738,256.7429642889998,388.47212184055826,347.12853389992364,3.35,2.1599999999999997,5,1
F040,2025-11-25,1,5,31.9029,14.552678,0.5227358136039083,0.20529875986471252,0,0.0,0.0,2,21.78353402289306,6.958685830574251,23.41276171911741,9.673383499801309,25.316420315538753,12.608443067928482,47.93623711761466,24.79887287440657,17.89434931174842,23.41276171911741,5.518412407368989,36.37719189358808,23.8458054965202,87.03715914528158,77.87420296671276,2.18,1.5059999999999998,0,1
